<mobject class="LMModule" name="module">
	<children>
		<mobject class="LMTrack" name="track0" selected="0">
			<controls>
				<control name="volume" value="0.900000"></control>
				<control name="panorama" value="0.500000"></control>
				<control name="mute" value="0"></control>
			</controls>
			<children>
				<mobject class="LMLoop" filename="resource/audio/loop1.wav" name="loop"></mobject>
			</children>
		</mobject>
		<mobject class="LMTrack" name="track1" selected="0">
			<controls>
				<control name="volume" value="0.900000"></control>
				<control name="panorama" value="0.500000"></control>
				<control name="mute" value="0"></control>
			</controls>
			<children>
				<mobject class="LMLoop" filename="resource/audio/loop2.wav" name="loop"></mobject>
			</children>
		</mobject>
		<mobject class="LMTrack" name="track2" selected="0">
			<controls>
				<control name="volume" value="0.900000"></control>
				<control name="panorama" value="0.500000"></control>
				<control name="mute" value="0"></control>
			</controls>
			<children>
				<mobject class="LMLoop" filename="resource/audio/loop3.wav" name="loop"></mobject>
			</children>
		</mobject>
		<mobject class="LMTrack" name="track3" selected="0">
			<controls>
				<control name="volume" value="0.900000"></control>
				<control name="panorama" value="0.500000"></control>
				<control name="mute" value="0"></control>
			</controls>
			<children>
				<mobject class="LMLoop" filename="resource/audio/loop4.wav" name="loop"></mobject>
			</children>
		</mobject>
		<mobject class="LMTrack" name="track4" selected="0">
			<controls>
				<control name="volume" value="0.900000"></control>
				<control name="panorama" value="0.500000"></control>
				<control name="mute" value="0"></control>
			</controls>
			<children>
				<mobject class="LMLoop" filename="resource/audio/loop4.wav" name="loop"></mobject>
			</children>
		</mobject>
		<mobject class="LMTrack" name="track5" selected="0">
			<controls>
				<control name="volume" value="0.900000"></control>
				<control name="panorama" value="0.500000"></control>
				<control name="mute" value="0"></control>
			</controls>
			<children>
				<mobject class="LMLoop" filename="resource/audio/loop4.wav" name="loop"></mobject>
			</children>
		</mobject>
	</children>
</mobject>