<mobject bgcolor="d2b4b4" class="MPopupWnd" cx="0" cy="0" enabled="true" height="704" visible="true" width="968" x="0" y="0" namespace="true">
	<children>
		<mobject class="MImageWnd" height="704" image="resource/img/bg.a.bmp" visible="true" width="968" x="0" y="0">
			<children>
				<mobject class="MLink" fgcolor="ff0000" fgvisitedcolor="800080" url="http://www.circleproject.de" height="20" width="150" x="10" y="100" bgcolor="d2b4b4"/>
				<mobject class="MOkButton" action="OK" height="18" visible="true" width="50" x="545" y="5" id="cancel" bgcolor="d2b4b4">
					<mobject class="MTextButtonRenderer" text="exit" textcolor="402020" textcolordisabled="404040"/>
				</mobject>
				<mobject class="MWndCollection" height="220" visible="true" width="400" x="330" y="259" id="module" bgcolor="bbbbbb" namespace="true">
					<children>
						<mobject class="MWndCollection" height="220" visible="true" width="51" x="0" y="0" id="track0" bgcolor="bbb" namespace="true">
							<children>
								<mobject class="MVFloatGui" height="56" visible="true" width="44" x="3" y="54" id="volume" bgcolor="ff0000" />
								<mobject class="MBoolGui" height="24" visible="true" width="24" x="0" y="111" id="mute" bgcolor="bbb">
									<mobject class="MTransparentBitmapButtonRenderer" imgup="resource/img/button.pressed.bmp" imgdown="resource/img/button.neutral.bmp" tcolup="0000ff" tcoldown="0000ff"/>
								</mobject>
								<mobject class="MFloatGui" height="40" visible="true" width="40" x="0" y="160" id="panorama" bgcolor="bbb"/>
							</children>
						</mobject>
						<mobject class="MWndCollection" height="220" visible="true" width="51" x="52" y="0" id="track1" bgcolor="bbb" namespace="true">
							<children>
								<mobject class="MVFloatGui" height="56" visible="true" width="44" x="3" y="54" id="volume" bgcolor="ff0000" />
								<mobject class="MBoolGui" height="24" visible="true" width="24" x="0" y="111" id="mute" bgcolor="bbb">
									<mobject class="MTransparentBitmapButtonRenderer" imgup="resource/img/button.pressed.bmp" imgdown="resource/img/button.neutral.bmp" tcolup="0000ff" tcoldown="0000ff"/>
								</mobject>
								<mobject class="MFloatGui" height="40" visible="true" width="40" x="0" y="160" id="panorama" bgcolor="bbb"/>
							</children>
						</mobject>
						<mobject class="MWndCollection" height="220" visible="true" width="51" x="104" y="0" id="track2" bgcolor="bbb" namespace="true">
							<children>
								<mobject class="MVFloatGui" height="56" visible="true" width="44" x="3" y="54" id="volume" bgcolor="ff0000" />
								<mobject class="MBoolGui" height="24" visible="true" width="24" x="0" y="111" id="mute" bgcolor="bbb">
									<mobject class="MTransparentBitmapButtonRenderer" imgup="resource/img/button.pressed.bmp" imgdown="resource/img/button.neutral.bmp" tcolup="0000ff" tcoldown="0000ff"/>
								</mobject>
								<mobject class="MFloatGui" height="40" visible="true" width="40" x="0" y="160" id="panorama" bgcolor="bbb"/>
							</children>
						</mobject>
						<mobject class="MWndCollection" height="220" visible="true" width="51" x="156" y="0" id="track3" bgcolor="bbb" namespace="true">
							<children>
								<mobject class="MVFloatGui" height="56" visible="true" width="44" x="3" y="54" id="volume" bgcolor="ff0000" />
								<mobject class="MBoolGui" height="24" visible="true" width="24" x="0" y="111" id="mute" bgcolor="bbb">
									<mobject class="MTransparentBitmapButtonRenderer" imgup="resource/img/button.pressed.bmp" imgdown="resource/img/button.neutral.bmp" tcolup="0000ff" tcoldown="0000ff"/>
								</mobject>
								<mobject class="MFloatGui" height="40" visible="true" width="40" x="0" y="160" id="panorama" bgcolor="bbb"/>
							</children>
						</mobject>
						<mobject class="MWndCollection" height="220" visible="true" width="51" x="208" y="0" id="track4" bgcolor="bbb" namespace="true">
							<children>
								<mobject class="MVFloatGui" height="56" visible="true" width="44" x="3" y="54" id="volume" bgcolor="ff0000" />
								<mobject class="MBoolGui" height="24" visible="true" width="24" x="0" y="111" id="mute" bgcolor="bbb">
									<mobject class="MTransparentBitmapButtonRenderer" imgup="resource/img/button.pressed.bmp" imgdown="resource/img/button.neutral.bmp" tcolup="0000ff" tcoldown="0000ff"/>
								</mobject>
								<mobject class="MFloatGui" height="40" visible="true" width="40" x="0" y="160" id="panorama" bgcolor="bbb"/>
							</children>
						</mobject>
						<mobject class="MWndCollection" height="220" visible="true" width="51" x="260" y="0" id="track5" bgcolor="bbb" namespace="true">
							<children>
								<mobject class="MVFloatGui" height="56" visible="true" width="44" x="3" y="54" id="volume" bgcolor="ff0000" />
								<mobject class="MBoolGui" height="24" visible="true" width="24" x="0" y="111" id="mute" bgcolor="bbb">
									<mobject class="MTransparentBitmapButtonRenderer" imgup="resource/img/button.pressed.bmp" imgdown="resource/img/button.neutral.bmp" tcolup="0000ff" tcoldown="0000ff"/>
								</mobject>
								<mobject class="MFloatGui" height="40" visible="true" width="40" x="0" y="160" id="panorama" bgcolor="bbb"/>
							</children>
						</mobject>
					</children>
				</mobject>
			</children>
		</mobject>
	</children>
</mobject>